prompt,completion
" What are the features of MetaPath?

###

"," The features of MetaPath include cross-metaverse, cross-gamefi, cross-chain, and multi-platform capabilities.

===

"
" How does MetaPath connect different metaverses?

###

"," MetaPath connects different metaverses by acting as a highway that links them all together.

===

"
" What advantages does MetaPath offer?

###

"," MetaPath offers the advantage of being able to access multiple metaverses, gamefi, and chains from one platform.

===

"
" How does MetaPath facilitate cross-gamefi and cross-chain interactions?

###

"," MetaPath facilitates cross-gamefi and cross-chain interactions by providing a unified platform for users to access multiple metaverses, gamefi, and chains.

===

"
" What platforms does MetaPath support?

###

"," MetaPath supports multiple platforms, including PC, mobile, and console.

===

"
" How does MetaPath enable users to purchase NFTs and GameFi items?

###

"," MetaPath enables users to purchase NFTs and GameFi items with any cryptocurrencies in a fast and safe process.

===

"
" What types of digital assets can be integrated with the MetaPath blockchain asset smart routing protocol?

###

"," The MetaPath blockchain asset smart routing protocol can integrate any tokenized asset, including Cryptocurrencies, NFTs, and GameFi.

===

"
" How does MetaPath ensure a fast and safe process for digital asset transfers?

###

"," MetaPath ensures a fast and safe process for digital asset transfers by integrating any tokenized asset and allowing users to purchase NFTs and GameFi items with any cryptocurrencies.

===

"
" What advantages does MetaPath offer compared to other blockchain asset protocols?

###

"," MetaPath offers the advantage of allowing users to swap or transfer digital assets across platforms with ease, and to purchase NFTs and GameFi items with any cryptocurrencies in a fast and safe process.

===

"
" What is MetaPath?

###

"," MetaPath is a system that registers and discovers assets on the chain, monitors asset status and transaction behavior in real-time, establishes a dynamic routing table in the blockchain world, and bridges safe and efficient platforms/contracts.

===

"
" What does MetaPath do?

###

"," MetaPath registers and discovers assets on the chain, monitors asset status and transaction behavior in real-time, establishes a dynamic routing table in the blockchain world, and bridges safe and efficient platforms/contracts.

===

"
" How does MetaPath register and discover assets on the chain?

###

"," MetaPath registers and discovers assets on the chain by creating a dynamic routing table in the blockchain world.

===

"
" How does MetaPath monitor asset status and transaction behavior in real-time?

###

"," MetaPath monitors asset status and transaction behavior in real-time by creating a dynamic routing table in the blockchain world.

===

"
" How does MetaPath establish a dynamic routing table in the blockchain world?

###

"," MetaPath establishes a dynamic routing table in the blockchain world by creating a routing table that is constantly updated with the latest information.

===

"
" How does MetaPath bridge safe and efficient platforms/contracts?

###

"," MetaPath bridges safe and efficient platforms/contracts by using algorithmic splitting and step-by-step routing of transactions on the chain.

===

"
" What is algorithmic splitting?

###

"," Algorithmic splitting is a process of dividing a transaction into smaller parts and routing them through different paths on the chain.

===

"
" What is step-by-step routing of transactions on the chain?

###

"," Step-by-step routing of transactions on the chain is a process of routing transactions through different paths on the chain in order to ensure the safety and efficiency of the transaction.

===

"
" What is MetaPath?

###

"," MetaPath is an interface for swapping or trading tokens and buying NFTs or GameFi items with any token.

===

"
" How do I connect my wallet to MetaPath?

###

"," To connect your wallet to MetaPath, head to the MetaPath interface and follow the instructions.

===

"
" What types of transactions can I carry out on MetaPath?

###

"," On MetaPath, you can carry out transactions such as swapping or trading tokens and buying NFTs or GameFi items with any token.

===

"
" How do I buy NFTs or GameFi items with any token?

###

"," To buy NFTs or GameFi items with any token on MetaPath, head to the MetaPath interface, connect your wallet, and choose the transaction you want to carry out.

===

"
" What type of fees are associated with various transactions?

###

"," Fees associated with various transactions depend on the type of transaction and the chain the transaction is processed on.

===

"
" How does MetaPath collect fees?

###

"," MetaPath collects fees only when a transaction is made.

===

"
" Is there a fee to connect a wallet to MetaPath?

###

"," No, there is no fee to connect a wallet to MetaPath.

===

"
" What other wallets does MetaPath support?

###

"," MetaPath supports various wallets such as Trust Wallet, Atomic Wallet, and MyEtherWallet.

===

"
" Why is MetaMask recommended for MetaPath?

###

"," MetaMask is recommended for MetaPath because it is a secure and easy-to-use wallet that allows users to store, send, and receive Ether and other Ethereum-based tokens.

===

"
" What are gas fees?

###

"," Gas fees are fees associated with blockchain transactions.

===

"
" What are the limitations of cross-chain swaps or bridges?

###

"," The limitations of cross-chain swaps or bridges include minimum thresholds and fees that must be added.

===

"
" How do minimum thresholds affect cross-chain transactions?

###

"," Minimum thresholds can increase the cost of cross-chain transactions.

===

"
" What is MetaPath?

###

"," MetaPath is a platform that facilitates cross-chain transactions.

===

"
" How does MetaPath help with cross-chain transactions?

###

"," MetaPath helps with cross-chain transactions by providing a platform to facilitate them and by helping to identify any potential price differences due to minimum thresholds or fees.

===

"
" What is MetaPath?

###

"," MetaPath is a platform that provides access to NFT marketplaces.

===

"
" How do you connect to NFT marketplaces?

###

"," You can connect to NFT marketplaces using APIs.

===

"
" What could cause an unstable connection to an API?

###

"," An unstable connection to an API could be caused by how new the APIs are.

===

"
" What should I do if the fee does not show up when I attempt a quote?

###

"," If the fee does not show up when you attempt a quote, you should wait a few moments for the information to populate or try the search again.

===

"
" How long should I wait for the information to populate?

###

"," You should wait a few moments for the information to populate.

===

"
" What services does MetaPath offer?

###

"," MetaPath offers services such as swapping, trading, and earning digital assets.

===

"
" Is there a registration process to use MetaPath?

###

"," No, MetaPath does not require a registration process for users to explore The Metaverse.

===

"
" Are all transactions on MetaPath transparent and traceable?

###

"," Yes, all transactions carried out on MetaPath are transparent and traceable.

===

"
" Is there a limit to the amount of digital assets one can swap, trade, and earn on MetaPath?

###

"," No, there is no limit to the amount of digital assets one can swap, trade, and earn on MetaPath.

===

"
" What is the SWFT Blockchain?

###

"," The SWFT Blockchain is a distributed ledger technology that enables secure and transparent transactions.

===

"
" How does MetaPath ensure the security of my assets?

###

"," MetaPath ensures the security of assets by utilizing blockchain technology and MetaPath Protocols.

===

"
" What is the track record of MetaPath since its inception in 2017?

###

"," MetaPath has a good track record of stability, reliability, and security without a security incident or breach since its inception in 2017.

===

"
" How does blockchain technology help to secure transactions?

###

"," Blockchain technology helps to secure transactions by providing a distributed ledger that is immutable and secure.

===

"
" How does MetaPath Protocols help to secure transactions?

###

"," MetaPath Protocols help to secure transactions by providing an additional layer of security and authentication.

===

"
" What makes MetaPath the best choice?

###

"," MetaPath offers the best quality and reliability.

===

"
" What advantages does MetaPath offer?

###

"," MetaPath offers superior performance, reliability, and scalability.

===

"
" How does MetaPath ensure the best results?

###

"," MetaPath uses advanced technologies and processes to ensure the best results.

===

"
" What sets MetaPath apart from other options?

###

"," MetaPath stands out from other options due to its superior quality and reliability.

===

"
" Why should I choose MetaPath?

###

"," You should choose MetaPath because it offers the best quality and reliability, superior performance, and scalability.

===

"
" What advantages does MetaPath offer?

###

"," MetaPath offers advantages such as transparency and traceability of transactions, cross-GameFi, cross-chain, cross-platforms, cross-game, cross-metaverse capabilities, permissionless use, and automatic rate finding.

===

"
" How does MetaPath ensure maximum security of assets?

###

"," MetaPath ensures maximum security of assets by making sure that the Protocol will not be affected by exploits of any provider.

===

"
" What is the purpose of the PATH tokens?

###

"," The purpose of the PATH tokens is to reward users for each transaction they carry out on MetaPath.

===

"
" How does MetaPath enable users to get the lowest rate possible?

###

"," MetaPath enables users to get the lowest rate possible by routing all liquidities in the market.

===

"
" What is the MetaPath Protocol?

###

"," The MetaPath Protocol is a next-level aggregator that enables cross-GameFi, cross-chain, cross-platforms, cross-game, cross-metaverse & more.

===

"
" What is the MetaPath multi-platform user interface designed to do?

###

"," The MetaPath multi-platform user interface is designed to adapt to usersâ€™ needs.

===

"
" What is MetaPath?

###

"," MetaPath is a cross-chain routing platform of blockchain assets and a metaverse cross-platform routing aggregator for Web3.0.

===

"
" What does MetaPath do?

###

"," MetaPath aggregates NFT marketplaces and GameFi exchanges into the blockchain ecosystem network, so users can not only swap between any two tokens, but also trade NFTs and GameFi items with any token. MetaPath also aggregates the mainstream DEXs and CEXs in the market.

===

"
" How does MetaPath provide security?

###

"," MetaPath provides security through high security, low risk, fast speed and best rate.

===

"
" What are the benefits of using MetaPath?

###

"," The benefits of using MetaPath include the ability to swap between any two tokens, trade NFTs and GameFi items with any token, and access mainstream DEXs and CEXs with high security, low risk, fast speed and best rate.

===

"
" What is path.finance?

###

"," Path.finance is an integrated multi-chain future for cryptocurrencies and the metaverse they are building.

===

"
" How can users access path.finance?

###

"," Users can access path.finance with any wallet.

===

"
" What is MetaPath?

###

"," MetaPath is an aggregator of multiple NFT marketplaces.

===

"
" How does MetaPath aggregate multiple NFT marketplaces?

###

"," MetaPath aggregates multiple NFT marketplaces by providing a platform to view and trade NFT collections.

===

"
" What can you do with MetaPath?

###

"," With MetaPath, you can view and trade NFT collections and compare NFT prices.

===

"
" How can you access MetaPath?

###

"," You can access MetaPath with any wallet at path.finance.

===

"
" What is NFT?

###

"," NFT stands for Non-Fungible Token, which is a type of digital asset that is unique and cannot be exchanged for another asset of the same type.

===

"
" How can you compare NFT prices using MetaPath?

###

"," You can compare NFT prices using MetaPath by viewing and trading NFT collections.

===

"
" What is MetaPath?

###

"," MetaPath is an aggregator of mainstream DEXs and CEXs in the market.

===

"
" What are the benefits of using MetaPath?

###

"," The benefits of using MetaPath include high security, low risk, fast speed and best rate.

===

"
" What wallets does MetaPath support?

###

"," MetaPath supports 10+ DEX wallets, including MetaMask, TokenPocket, CoinbaseWallet, MathWallet, imToken, etc.

===

"
" How does MetaPath ensure security?

###

"," MetaPath ensures security through its aggregation of mainstream DEXs and CEXs.

===

"
" What is Swap?

###

"," Swap is a feature of MetaPath that allows users to quickly and easily exchange tokens.

===

"
" How does MetaPath compare to other DEXs and CEXs?

###

"," MetaPath offers higher security, lower risk, faster speed and better rates than other DEXs and CEXs.

===

"
" What is MetaPath?

###

"," MetaPath is the leading and most-efficient decentralized finance platform in the universe.

===

"
" What is the purpose of MetaPath?

###

"," The purpose of MetaPath is to connect the economic systems of different GameFis by linking virtual assets like NFTs in the virtual world, to realize the interoperability of the Metaverses.

===

"
" What products has MetaPath built?

###

"," MetaPath has built a platform called MetaPath platform and a protocol called Metapath Protocol.

===

"
" How does MetaPath enable users to exchange crypto-related assets?

###

"," MetaPath enables users to exchange crypto-related assets by connecting them to all centralized and decentralized trading platforms including major cross chain bridges, nft marketplaces, gamefi exchanges. Initially, they will use API to connect them; in Phase II, they will use a new product called MetaPath Protocol.

===

"
" What is the goal of the MetaPath team?

###

"," The goal of the MetaPath team is to realize the interconnectivity of blockchain ecosystems where users can reliably swap or transfer any digital asset and get paid for every transaction.

===

"
" What is MetaPath?

###

"," MetaPath is a protocol for digital assets.

===

"
" What types of digital assets are implemented on the MetaPath Protocol?

###

"," Tokens, non-fungible tokens (NFTs), and GameFi items are implemented on the MetaPath Protocol.

===

"
" What wallets are compatible with the MetaPath Protocol?

###

"," MetaMask, TokenPocket, HuobiWallet, Bitkeep, BitPie, Phantom, HyperPay, Aolink, CoinbaseWallet, ONTO, MathWallet, and imToken are wallets compatible with the MetaPath Protocol.

===

"
" What is the purpose of the MetaPath Protocol?

###

"," The purpose of the MetaPath Protocol is to facilitate the use of digital assets.

===

"
" How does the MetaPath Protocol work?

###

"," The MetaPath Protocol works by using smart contracts to implement digital assets on the protocol.

===

"
" What is a MetaPath NFT?

###

"," A MetaPath NFT is a non-fungible token or similar digital item.

===

"
" How is a MetaPath NFT implemented?

###

"," A MetaPath NFT is implemented on a blockchain.

===

"
" What type of blockchain is used for MetaPath NFTs?

###

"," The Ethereum blockchain is used for MetaPath NFTs.

===

"
" How do MetaPath NFTs use smart contracts?

###

"," MetaPath NFTs use smart contracts to link to or otherwise be associated with certain content or data.

===

"
" What type of content or data can MetaPath NFTs be associated with?

###

"," MetaPath NFTs can be associated with certain content or data.

===

"
" What is MetaPath?

###

"," MetaPath is the intellectual property of SWFT Blockchain.

===

"
" What services does SWFT Blockchain provide?

###

"," SWFT Blockchain provides an all-in-one cryptocurrency platform with instant cross-chain swaps & payments.

===

"
" What is the purpose of MetaPath?

###

"," The purpose of MetaPath is to provide an all-in-one cryptocurrency platform with instant cross-chain swaps & payments.

===

"
" How does MetaPath facilitate instant cross-chain swaps and payments?

###

"," MetaPath facilitates instant cross-chain swaps and payments by providing an all-in-one cryptocurrency platform.

===

"
" What advantages does MetaPath offer compared to other cryptocurrency platforms?

###

"," MetaPath offers the advantage of an all-in-one cryptocurrency platform with instant cross-chain swaps & payments, which is more convenient than other cryptocurrency platforms.

===

"
" What technology does SWFT Blockchain use to enable direct swaps between cryptocurrencies?

###

"," SWFT Blockchain uses blockchain, machine learning, and big data to enable direct swaps between over 200 cryptocurrencies.

===

"
" What features does SWFT Blockchain's cryptocurrency transfer platform and wallet app offer?

###

"," SWFT Blockchain's cryptocurrency transfer platform and wallet app feature one-click in-wallet transfers, decentralized transfers, price limit orders, and payments using SWFT Pay.

===

"
" What venture capital firms have invested in SWFT Blockchain?

###

"," Draper Dragon has invested in SWFT Blockchain.

===

"
" What is the Berkeley Blockchain Xcelerator?

###

"," The Berkeley Blockchain Xcelerator is a startup accelerator program for blockchain-based companies.

===

"
" What is the core goal of MetaPath?

###

"," The core goal of MetaPath is to establish the underlying infrastructure for the interconnection and interoperability of assets for blockchain ecological platforms such as Metaverse and GameFi.

===

"
" How does MetaPath register and discover assets on the chain?

###

"," MetaPath registers and discovers assets on the chain by monitoring asset status and transaction behavior in real-time and establishing a dynamic routing table in the blockchain world.

===

"
" What are the benefits of using applications that comply with the MetaPath protocol?

###

"," The benefits of using applications that comply with the MetaPath protocol include greatly reducing the difficulty of the transaction, shortening the user's transaction path, reducing transaction costs and improving security as much as possible.

===

"
" How does MetaPath bridge safe and efficient platforms/contracts?

###

"," MetaPath bridges safe and efficient platforms/contracts through algorithmic splitting and step-by-step routing of transactions on the chain.

===

"
" How does MetaPath reduce transaction costs and improve security?

###

"," MetaPath reduces transaction costs and improves security by completing the transaction and using applications that comply with the MetaPath protocol.

===

"
" What is the goal of MetaPath?

###

"," The goal of MetaPath is to connect the Metaverse ecosystems.

===

"
" What types of assets can be integrated into the MetaPath blockchain?

###

"," The types of assets that can be integrated into the MetaPath blockchain include cryptocurrencies, NFTs, Gamefi, and Metaverse gears and items.

===

"
" How does MetaPath enable blockchain data interconnectivity?

###

"," MetaPath enables blockchain data interconnectivity through a messaging protocol.

===

"
" What is the Metaverse cloud?

###

"," The Metaverse cloud is a network of tokenized assets that are integrated into the MetaPath blockchain.

===

"
" How will MetaPath make the world more accessible and efficient?

###

"," MetaPath will make the world more accessible and efficient by connecting the Metaverse ecosystems and enabling blockchain data interconnectivity.

===

"
" What is the MetaPath protocol?

###

"," The MetaPath protocol is a smart contract routing protocol that can be integrated into the smart contract of cryptocurrencies, NFTs, Gamefi/Metaverse gears/items, and other tokenized assets.

===

"
" How does the MetaPath protocol enable smart contracts to communicate with each other?

###

"," The MetaPath protocol enables smart contracts to communicate with each other by creating positioning and routing functions.

===

"
" What are the components of the MetaPath infrastructure layer?

###

"," The components of the MetaPath infrastructure layer include the MetaPath Routing Protocol implemented on smart contracts, the message tree (Merkle Tree) to ensure the security of the messaging mechanism, off-chain components for coordination and matching, and the MetaPath Chain that carries the above data structures and smart contracts.

===

"
" What is the Metaverse Cloud?

###

"," The Metaverse Cloud is an interconnected blockchain asset network that is open, transparent, and traceable.

===

"
" How does the MetaPath Routing Protocol link smart contracts on different blockchains?

###

"," The MetaPath Routing Protocol links smart contracts on different blockchains by connecting them with the Metaverse Cloud.

===

"
" What is MetaPath?

###

"," MetaPath is a protocol that links and routes the Metaverse, including NFT, Gamefi, and all blockchain assets.

===

"
" What features does MetaPath offer?

###

"," MetaPath offers features such as Liquidity Routing, decentralization, finding the best rate for users, multi-platform user interface, and security.

===

"
" How does MetaPath link and route the Metaverse?

###

"," MetaPath links and routes the Metaverse by providing one protocol to all tokenized assets.

===

"
" What is the purpose of Liquidity Routing?

###

"," The purpose of Liquidity Routing is to route all liquidities in the market, enabling users to get the lowest rate.

===

"
" What are the advantages of MetaPath being decentralized?

###

"," The advantages of MetaPath being decentralized are that all transactions are transparent and traceable, and anyone can access it without permission or KYC review.

===

"
" How does MetaPath find the best rate for users?

###

"," MetaPath finds the best rate for users automatically.

===

"
" What platforms does MetaPath support?

###

"," MetaPath supports platforms such as Desktop, Mobile, Dapp, Widget, and API.

===

"
" How does MetaPath ensure security?

###

"," MetaPath ensures security by making sure that the Protocol will not be affected by the exploits of any provider.

===

"
" What is Web 3.0?

###

"," Web 3.0 is a term used to describe the next generation of the internet, which is more secure, private, and decentralized.

===

"
" What is the goal of MetaPath?

###

"," The goal of MetaPath is to design an inter-chain smart contract communication protocol.

===

"
" What resources does MetaPath provide to developers?

###

"," MetaPath provides developers with APIs, documentation, and community support.

===

"
" What is the interface standard of the communication protocol designed by MetaPath?

###

"," The interface standard of the communication protocol designed by MetaPath is compatible with various existing asset standards among different blockchains including ERC20 and ERC721.

===

"
" How can smart contracts of token or NFTs transfer their assets across platforms?

###

"," Smart contracts of token or NFTs can transfer their assets across platforms by invoking the registration and updating mechanism on the MetaPath chain.

===

"
" What is the registration and updating mechanism on the MetaPath chain?

###

"," The registration and updating mechanism on the MetaPath chain is used to enable the transfer of assets across platforms.

===

"
" What is the MetaPath protocol?

###

"," The MetaPath protocol is a smart contract routing protocol that enables users to purchase NFTs with any token from different blockchains.

===

"
" How will users be able to purchase NFTs with the MetaPath protocol?

###

"," Users will be able to purchase NFTs with any token possibly from different blockchains as long as the MetaPath smart contract routing protocol is implemented on the smart contract of the token.

===

"
" What are the desired characteristics of the MetaPath protocol?

###

"," The desired characteristics of the MetaPath protocol include low costs and high speeds, across devices, openness, decentralization, accessibility, etc.

===

"
" What type of operations will be supported by the MetaPath protocol?

###

"," The MetaPath protocol will support pairwise exchange of NFTs.

===

"
" How will the MetaPath protocol enable cross-chain consensus?

###

"," The MetaPath protocol will enable cross-chain consensus of operation messages.

===

"
" What percentage of transaction fees does the MetaPath smart contract routing protocol collect?

###

"," 0.2% to 0.3%

===

"
" How does the MetaPath smart contract routing protocol earn revenue?

###

"," By collecting a percentage of transaction fees and fees through the routing protocol.

===

"
" What fees are collected through the routing protocol?

###

"," Fees through the routing protocol.

===

"
