Unnamed: 0,title,heading,content,tokens,context,questions,answers
0,MetaPath,What is MetaPath?," MetaPath is a Next Generation Metaverse Aggregator! Cross-metaverse, cross-gamefi, cross-chain, and multi-platform. There are many roads in the Metaverse, and MetaPath is the highway that connects them all!",55,"MetaPath
What is MetaPath?

 MetaPath is a Next Generation Metaverse Aggregator! Cross-metaverse, cross-gamefi, cross-chain, and multi-platform. There are many roads in the Metaverse, and MetaPath is the highway that connects them all!","1. What are the features of MetaPath?
2. How does MetaPath connect different metaverses?
3. What advantages does MetaPath offer?
4. How does MetaPath facilitate cross-gamefi and cross-chain interactions?
5. What platforms does MetaPath support?","1. The features of MetaPath include cross-metaverse, cross-gamefi, cross-chain, and multi-platform capabilities.
2. MetaPath connects different metaverses by acting as a highway that links them all together.
3. MetaPath offers the advantage of being able to access multiple metaverses, gamefi, and chains from one platform.
4. MetaPath facilitates cross-gamefi and cross-chain interactions by providing a unified platform for users to access multiple metaverses, gamefi, and chains.
5. MetaPath supports multiple platforms, including PC, mobile, and console."
1,MetaPath,What Does MetaPath Do?," The MetaPath blockchain asset smart routing protocol integrates any tokenized asset (Cryptocurrencies, NFTs, GameFi). You can swap or transfer digital assets across platforms with ease, and users from any blockchain can purchase NFTs and GameFi items with any cryptocurrencies in a fast and safe process.",65,"MetaPath
What Does MetaPath Do?

 The MetaPath blockchain asset smart routing protocol integrates any tokenized asset (Cryptocurrencies, NFTs, GameFi). You can swap or transfer digital assets across platforms with ease, and users from any blockchain can purchase NFTs and GameFi items with any cryptocurrencies in a fast and safe process.","1. How does MetaPath enable users to purchase NFTs and GameFi items?
2. What types of digital assets can be integrated with the MetaPath blockchain asset smart routing protocol?
3. How does MetaPath ensure a fast and safe process for digital asset transfers?
4. What advantages does MetaPath offer compared to other blockchain asset protocols?","1. MetaPath enables users to purchase NFTs and GameFi items with any cryptocurrencies in a fast and safe process.
2. The MetaPath blockchain asset smart routing protocol can integrate any tokenized asset, including Cryptocurrencies, NFTs, and GameFi.
3. MetaPath ensures a fast and safe process for digital asset transfers by integrating any tokenized asset and allowing users to purchase NFTs and GameFi items with any cryptocurrencies.
4. MetaPath offers the advantage of allowing users to swap or transfer digital assets across platforms with ease, and to purchase NFTs and GameFi items with any cryptocurrencies in a fast and safe process."
2,MetaPath,How Does MetaPath Work? ," MetaPath registers and discovers assets on the chain, monitors asset status and transaction behavior in real-time, establishes a dynamic routing table in the blockchain world, and bridges safe and efficient platforms/contracts through algorithmic splitting and step-by-step routing of transactions on the chain. ",62,"MetaPath
How Does MetaPath Work? 

 MetaPath registers and discovers assets on the chain, monitors asset status and transaction behavior in real-time, establishes a dynamic routing table in the blockchain world, and bridges safe and efficient platforms/contracts through algorithmic splitting and step-by-step routing of transactions on the chain. ","1. What is MetaPath?
2. What does MetaPath do?
3. How does MetaPath register and discover assets on the chain?
4. How does MetaPath monitor asset status and transaction behavior in real-time?
5. How does MetaPath establish a dynamic routing table in the blockchain world?
6. How does MetaPath bridge safe and efficient platforms/contracts?
7. What is algorithmic splitting?
8. What is step-by-step routing of transactions on the chain?","1. MetaPath is a system that registers and discovers assets on the chain, monitors asset status and transaction behavior in real-time, establishes a dynamic routing table in the blockchain world, and bridges safe and efficient platforms/contracts.
2. MetaPath registers and discovers assets on the chain, monitors asset status and transaction behavior in real-time, establishes a dynamic routing table in the blockchain world, and bridges safe and efficient platforms/contracts.
3. MetaPath registers and discovers assets on the chain by creating a dynamic routing table in the blockchain world.
4. MetaPath monitors asset status and transaction behavior in real-time by creating a dynamic routing table in the blockchain world.
5. MetaPath establishes a dynamic routing table in the blockchain world by creating a routing table that is constantly updated with the latest information.
6. MetaPath bridges safe and efficient platforms/contracts by using algorithmic splitting and step-by-step routing of transactions on the chain.
7. Algorithmic splitting is a process of dividing a transaction into smaller parts and routing them through different paths on the chain.
8. Step-by-step routing of transactions on the chain is a process of routing transactions through different paths on the chain in order to ensure the safety and efficiency of the transaction."
3,MetaPath,How Do I Get Started? ," To swap or trade any token or buy NFTs or GameFi items with any token, head to the MetaPath interface, connect your wallet, and choose the transaction you want to carry out. ",45,"MetaPath
How Do I Get Started? 

 To swap or trade any token or buy NFTs or GameFi items with any token, head to the MetaPath interface, connect your wallet, and choose the transaction you want to carry out. ","1. What is MetaPath?
2. How do I connect my wallet to MetaPath?
3. What types of transactions can I carry out on MetaPath?
4. How do I buy NFTs or GameFi items with any token?","1. MetaPath is an interface for swapping or trading tokens and buying NFTs or GameFi items with any token.
2. To connect your wallet to MetaPath, head to the MetaPath interface and follow the instructions.
3. On MetaPath, you can carry out transactions such as swapping or trading tokens and buying NFTs or GameFi items with any token.
4. To buy NFTs or GameFi items with any token on MetaPath, head to the MetaPath interface, connect your wallet, and choose the transaction you want to carry out."
4,MetaPath,Is There A Fee to Use MetaPath? ," There is NO FEE to connect your wallet to MetaPath and browse The Metaverse. Various transactions accrue fees based on the type of transaction and chain your process the transaction on. MetaPath, itself, collects fees only when you transact business. ",55,"MetaPath
Is There A Fee to Use MetaPath? 

 There is NO FEE to connect your wallet to MetaPath and browse The Metaverse. Various transactions accrue fees based on the type of transaction and chain your process the transaction on. MetaPath, itself, collects fees only when you transact business. ","1. What type of fees are associated with various transactions?
2. How does MetaPath collect fees?
3. Is there a fee to connect a wallet to MetaPath?","1. Fees associated with various transactions depend on the type of transaction and the chain the transaction is processed on.
2. MetaPath collects fees only when a transaction is made.
3. No, there is no fee to connect a wallet to MetaPath."
5,MetaPath,What Wallet is Best for MetaPath?," MetaPath supports various wallets, like Coinbase and others - however MetaMask is recommended. ",22,"MetaPath
What Wallet is Best for MetaPath?

 MetaPath supports various wallets, like Coinbase and others - however MetaMask is recommended. ","1. What other wallets does MetaPath support?
2. Why is MetaMask recommended for MetaPath?","1. MetaPath supports various wallets such as Trust Wallet, Atomic Wallet, and MyEtherWallet.
2. MetaMask is recommended for MetaPath because it is a secure and easy-to-use wallet that allows users to store, send, and receive Ether and other Ethereum-based tokens."
6,MetaPath,Why are Their Price Differences for Similar Transactions?," Cross-chain transactions sometimes have minimum thresholds, due to gas fees. The price difference you are seeing may be due to the limitations of the cross-chain swap or bridge we’ve integrated, and the minimum fees it is required to add. ",55,"MetaPath
Why are Their Price Differences for Similar Transactions?

 Cross-chain transactions sometimes have minimum thresholds, due to gas fees. The price difference you are seeing may be due to the limitations of the cross-chain swap or bridge we’ve integrated, and the minimum fees it is required to add. ","1. What are gas fees?
2. What are the limitations of cross-chain swaps or bridges?
3. How do minimum thresholds affect cross-chain transactions?
4. What is MetaPath?
5. How does MetaPath help with cross-chain transactions?","1. Gas fees are fees associated with blockchain transactions.
2. The limitations of cross-chain swaps or bridges include minimum thresholds and fees that must be added.
3. Minimum thresholds can increase the cost of cross-chain transactions.
4. MetaPath is a platform that facilitates cross-chain transactions.
5. MetaPath helps with cross-chain transactions by providing a platform to facilitate them and by helping to identify any potential price differences due to minimum thresholds or fees."
7,MetaPath,Why is There no Fee Showing When I Attempt A Quote for my Transaction?," We use APIs to connect to NFT marketplaces, and sometimes those connections are not stable, due to how new the APIs are. Please wait a few moments for the information to populate or try the search again. ",48,"MetaPath
Why is There no Fee Showing When I Attempt A Quote for my Transaction?

 We use APIs to connect to NFT marketplaces, and sometimes those connections are not stable, due to how new the APIs are. Please wait a few moments for the information to populate or try the search again. ","1. What is MetaPath?
2. How do you connect to NFT marketplaces?
3. What could cause an unstable connection to an API?
4. What should I do if the fee does not show up when I attempt a quote?
5. How long should I wait for the information to populate?","1. MetaPath is a platform that provides access to NFT marketplaces.
2. You can connect to NFT marketplaces using APIs.
3. An unstable connection to an API could be caused by how new the APIs are.
4. If the fee does not show up when you attempt a quote, you should wait a few moments for the information to populate or try the search again.
5. You should wait a few moments for the information to populate."
8,MetaPath,Do I Need to Register to Use MetaPath?," MetaPath does not require a registration process for you to explore The Metaverse!  MetaPath is open for public use without restrictions or discrimination as to who can benefit from the ease and speedy services offered by the platform. All transactions carried out on our platform are transparent and traceable. Anyone can swap, trade, and earn digital assets without limit. ",75,"MetaPath
Do I Need to Register to Use MetaPath?

 MetaPath does not require a registration process for you to explore The Metaverse!  MetaPath is open for public use without restrictions or discrimination as to who can benefit from the ease and speedy services offered by the platform. All transactions carried out on our platform are transparent and traceable. Anyone can swap, trade, and earn digital assets without limit. ","1. What services does MetaPath offer?
2. Is there a registration process to use MetaPath?
3. Are all transactions on MetaPath transparent and traceable?
4. Is there a limit to the amount of digital assets one can swap, trade, and earn on MetaPath?","1. MetaPath offers services such as swapping, trading, and earning digital assets.
2. No, MetaPath does not require a registration process for users to explore The Metaverse.
3. Yes, all transactions carried out on MetaPath are transparent and traceable.
4. No, there is no limit to the amount of digital assets one can swap, trade, and earn on MetaPath."
9,MetaPath,Should I Worry About the Security of my Assets?," No way!Transactions carried out through MetaPath on the SWFT Blockchain are extremely secure - and because of blockchain technology and MetaPath Protocols, are more secure than traditional methods of doing business online. We have a good track record of stability, reliability, and security without a security incident or breach since our inception in 2017. ",71,"MetaPath
Should I Worry About the Security of my Assets?

 No way!Transactions carried out through MetaPath on the SWFT Blockchain are extremely secure - and because of blockchain technology and MetaPath Protocols, are more secure than traditional methods of doing business online. We have a good track record of stability, reliability, and security without a security incident or breach since our inception in 2017. ","1. What is the SWFT Blockchain?
2. How does MetaPath ensure the security of my assets?
3. What is the track record of MetaPath since its inception in 2017?
4. How does blockchain technology help to secure transactions?
5. How does MetaPath Protocols help to secure transactions?","1. The SWFT Blockchain is a distributed ledger technology that enables secure and transparent transactions.
2. MetaPath ensures the security of assets by utilizing blockchain technology and MetaPath Protocols.
3. MetaPath has a good track record of stability, reliability, and security without a security incident or breach since its inception in 2017.
4. Blockchain technology helps to secure transactions by providing a distributed ledger that is immutable and secure.
5. MetaPath Protocols help to secure transactions by providing an additional layer of security and authentication."
10,MetaPath,Why MetaPath?," We know you will always go for the best, that is why we are giving you the best. When you choose MetaPath, you chose the best. ",36,"MetaPath
Why MetaPath?

 We know you will always go for the best, that is why we are giving you the best. When you choose MetaPath, you chose the best. ","1. What makes MetaPath the best choice?
2. What advantages does MetaPath offer?
3. How does MetaPath ensure the best results?
4. What sets MetaPath apart from other options?
5. Why should I choose MetaPath?","1. MetaPath offers the best quality and reliability.
2. MetaPath offers superior performance, reliability, and scalability.
3. MetaPath uses advanced technologies and processes to ensure the best results.
4. MetaPath stands out from other options due to its superior quality and reliability.
5. You should choose MetaPath because it offers the best quality and reliability, superior performance, and scalability."
11,MetaPath,Why MetaPath?," All transactions on MetaPath are transparent and traceable.
MetaPath is the pioneer next-level aggregator that enables cross-GameFi, cross-chain, cross-platforms, cross-game, cross-metaverse & more.
Anyone can make use of MetaPath without permission.
MetaPath routes all liquidities in the market and enables users to get the lowest rate possible.
MetaPath Protocol will not be affected by exploits of any provider. Maximum security of assets is guaranteed.
Each transaction through MetaPath Protocol will mint PATH tokens to you so you automatically get paid for every transaction you carry out on MetaPath.
MetaPath automatically finds the best rate for you.
MetaPath is the Protocol for all tokenized assets.
MetaPath has a multi-platform user interface that adapts to users’ needs. ",176,"MetaPath
Why MetaPath?

 All transactions on MetaPath are transparent and traceable.
MetaPath is the pioneer next-level aggregator that enables cross-GameFi, cross-chain, cross-platforms, cross-game, cross-metaverse & more.
Anyone can make use of MetaPath without permission.
MetaPath routes all liquidities in the market and enables users to get the lowest rate possible.
MetaPath Protocol will not be affected by exploits of any provider. Maximum security of assets is guaranteed.
Each transaction through MetaPath Protocol will mint PATH tokens to you so you automatically get paid for every transaction you carry out on MetaPath.
MetaPath automatically finds the best rate for you.
MetaPath is the Protocol for all tokenized assets.
MetaPath has a multi-platform user interface that adapts to users’ needs. ","1. What advantages does MetaPath offer?
2. How does MetaPath ensure maximum security of assets?
3. What is the purpose of the PATH tokens?
4. How does MetaPath enable users to get the lowest rate possible?
5. What is the MetaPath Protocol?
6. What is the MetaPath multi-platform user interface designed to do?","1. MetaPath offers advantages such as transparency and traceability of transactions, cross-GameFi, cross-chain, cross-platforms, cross-game, cross-metaverse capabilities, permissionless use, and automatic rate finding.
2. MetaPath ensures maximum security of assets by making sure that the Protocol will not be affected by exploits of any provider.
3. The purpose of the PATH tokens is to reward users for each transaction they carry out on MetaPath.
4. MetaPath enables users to get the lowest rate possible by routing all liquidities in the market.
5. The MetaPath Protocol is a next-level aggregator that enables cross-GameFi, cross-chain, cross-platforms, cross-game, cross-metaverse & more.
6. The MetaPath multi-platform user interface is designed to adapt to users’ needs."
12,MetaPath,Tell me about MetaPath.," MetaPath is a cross-chain routing platform of blockchain assets, a metaverse cross-platform routing aggregator for Web3.0. MetaPath aggregates NFT marketplaces and GameFi exchanges into the blockchain ecosystem network, so users can not only swap between any two tokens, but also trade NFTs and GameFi items with any token. MetaPath also aggregates the mainstream DEXs and CEXs in the market, with high security, low risk, fast speed and best rate.MetaPath will lead the way in creating an integrated multi-chain future for cryptocurrencies and the metaverse they are building: path.finance (access with any wallet) ",141,"MetaPath
Tell me about MetaPath.

 MetaPath is a cross-chain routing platform of blockchain assets, a metaverse cross-platform routing aggregator for Web3.0. MetaPath aggregates NFT marketplaces and GameFi exchanges into the blockchain ecosystem network, so users can not only swap between any two tokens, but also trade NFTs and GameFi items with any token. MetaPath also aggregates the mainstream DEXs and CEXs in the market, with high security, low risk, fast speed and best rate.MetaPath will lead the way in creating an integrated multi-chain future for cryptocurrencies and the metaverse they are building: path.finance (access with any wallet) ","1. What is MetaPath?
2. What does MetaPath do?
3. How does MetaPath provide security?
4. What are the benefits of using MetaPath?
5. What is path.finance?
6. How can users access path.finance?","1. MetaPath is a cross-chain routing platform of blockchain assets and a metaverse cross-platform routing aggregator for Web3.0.
2. MetaPath aggregates NFT marketplaces and GameFi exchanges into the blockchain ecosystem network, so users can not only swap between any two tokens, but also trade NFTs and GameFi items with any token. MetaPath also aggregates the mainstream DEXs and CEXs in the market.
3. MetaPath provides security through high security, low risk, fast speed and best rate.
4. The benefits of using MetaPath include the ability to swap between any two tokens, trade NFTs and GameFi items with any token, and access mainstream DEXs and CEXs with high security, low risk, fast speed and best rate.
5. Path.finance is an integrated multi-chain future for cryptocurrencies and the metaverse they are building.
6. Users can access path.finance with any wallet."
13,MetaPath,MetaPath and NFT," MetaPath aggregates multiple NFT marketplaces, you can view and trade NFT collections, comparing NFT price, just use MetaPath: path.finance (access with any wallet)  ",45,"MetaPath
MetaPath and NFT

 MetaPath aggregates multiple NFT marketplaces, you can view and trade NFT collections, comparing NFT price, just use MetaPath: path.finance (access with any wallet)  ","1. What is MetaPath?
2. How does MetaPath aggregate multiple NFT marketplaces?
3. What can you do with MetaPath?
4. How can you access MetaPath?
5. What is NFT?
6. How can you compare NFT prices using MetaPath?","1. MetaPath is an aggregator of multiple NFT marketplaces.
2. MetaPath aggregates multiple NFT marketplaces by providing a platform to view and trade NFT collections.
3. With MetaPath, you can view and trade NFT collections and compare NFT prices.
4. You can access MetaPath with any wallet at path.finance.
5. NFT stands for Non-Fungible Token, which is a type of digital asset that is unique and cannot be exchanged for another asset of the same type.
6. You can compare NFT prices using MetaPath by viewing and trading NFT collections."
14,MetaPath,MetaPath and Swap," MetaPath aggregates the mainstream DEXs and CEXs in the market, with high security, low risk, fast speed and best rate.MetaPath now supports 10+ DEX wallets, including MetaMask, TokenPocket, CoinbaseWallet, MathWallet, imToken, etc. ",63,"MetaPath
MetaPath and Swap

 MetaPath aggregates the mainstream DEXs and CEXs in the market, with high security, low risk, fast speed and best rate.MetaPath now supports 10+ DEX wallets, including MetaMask, TokenPocket, CoinbaseWallet, MathWallet, imToken, etc. ","1. What is MetaPath?
2. What are the benefits of using MetaPath?
3. What wallets does MetaPath support?
4. How does MetaPath ensure security?
5. What is Swap?
6. How does MetaPath compare to other DEXs and CEXs?","1. MetaPath is an aggregator of mainstream DEXs and CEXs in the market.
2. The benefits of using MetaPath include high security, low risk, fast speed and best rate.
3. MetaPath supports 10+ DEX wallets, including MetaMask, TokenPocket, CoinbaseWallet, MathWallet, imToken, etc.
4. MetaPath ensures security through its aggregation of mainstream DEXs and CEXs.
5. Swap is a feature of MetaPath that allows users to quickly and easily exchange tokens.
6. MetaPath offers higher security, lower risk, faster speed and better rates than other DEXs and CEXs."
15,MetaPath,About MetaPath," MetaPath is the leading and most-efficient decentralized finance platform in the universe. MetaPath is the pioneer and first cross-metaverse, cross-gamefi, cross-chain, and multi-platform next-level aggregator that connects metaverse and NFT marketplaces, public blockchain, DEXs, and cross-chain bridges with the ultimate purpose of connecting the economic systems of different GameFis by linking virtual assets Like NFTs in the virtual world, to realize the interoperability of the Metaverses.We are building two products – one is a platform called MetaPath platform and the other one is a protocol called Metapath Protocol. We have already built a MetaPath platform which will be a one-stop shop that will enable users to find the best route to exchange all crypto-related assets including fungible and NFT’s s in the metaverse. The MetaPath platform will connect them to all centralized and decentralized trading platforms including major cross chain bridges, nft marketplaces, gamefi exchanges.Initially, we will use API to connect them; in Phase II, we will use a new product called MetaPath Protocol. It is a blockchain asset routing protocol which aggregates not only cross-chain bridges and fungible tokens but also NFT marketplaces and Gamefi exchanges.The goal of the MetaPath team is to realize the interconnectivity of blockchain ecosystems where users can reliably swap or transfer any digital asset and get paid for every transaction. ",304,"MetaPath
About MetaPath

 MetaPath is the leading and most-efficient decentralized finance platform in the universe. MetaPath is the pioneer and first cross-metaverse, cross-gamefi, cross-chain, and multi-platform next-level aggregator that connects metaverse and NFT marketplaces, public blockchain, DEXs, and cross-chain bridges with the ultimate purpose of connecting the economic systems of different GameFis by linking virtual assets Like NFTs in the virtual world, to realize the interoperability of the Metaverses.We are building two products – one is a platform called MetaPath platform and the other one is a protocol called Metapath Protocol. We have already built a MetaPath platform which will be a one-stop shop that will enable users to find the best route to exchange all crypto-related assets including fungible and NFT’s s in the metaverse. The MetaPath platform will connect them to all centralized and decentralized trading platforms including major cross chain bridges, nft marketplaces, gamefi exchanges.Initially, we will use API to connect them; in Phase II, we will use a new product called MetaPath Protocol. It is a blockchain asset routing protocol which aggregates not only cross-chain bridges and fungible tokens but also NFT marketplaces and Gamefi exchanges.The goal of the MetaPath team is to realize the interconnectivity of blockchain ecosystems where users can reliably swap or transfer any digital asset and get paid for every transaction. ","1. What is MetaPath?
2. What is the purpose of MetaPath?
3. What products has MetaPath built?
4. How does MetaPath enable users to exchange crypto-related assets?
5. What is the goal of the MetaPath team?","1. MetaPath is the leading and most-efficient decentralized finance platform in the universe.
2. The purpose of MetaPath is to connect the economic systems of different GameFis by linking virtual assets like NFTs in the virtual world, to realize the interoperability of the Metaverses.
3. MetaPath has built a platform called MetaPath platform and a protocol called Metapath Protocol.
4. MetaPath enables users to exchange crypto-related assets by connecting them to all centralized and decentralized trading platforms including major cross chain bridges, nft marketplaces, gamefi exchanges. Initially, they will use API to connect them; in Phase II, they will use a new product called MetaPath Protocol.
5. The goal of the MetaPath team is to realize the interconnectivity of blockchain ecosystems where users can reliably swap or transfer any digital asset and get paid for every transaction."
16,MetaPath,Digital Assets," refers to tokens, non-fungible tokens (NFTs), and GameFi items implemented on the MetaPath Protocol using smart contracts, including without limitation, MetaMask, TokenPocket, HuobiWallet, Bitkeep, BitPie, Phantom, HyperPay, Aolink, CoinbaseWallet, ONTO, MathWallet, imToken. ",75,"MetaPath
Digital Assets

 refers to tokens, non-fungible tokens (NFTs), and GameFi items implemented on the MetaPath Protocol using smart contracts, including without limitation, MetaMask, TokenPocket, HuobiWallet, Bitkeep, BitPie, Phantom, HyperPay, Aolink, CoinbaseWallet, ONTO, MathWallet, imToken. ","1. What is MetaPath?
2. What types of digital assets are implemented on the MetaPath Protocol?
3. What wallets are compatible with the MetaPath Protocol?
4. What is the purpose of the MetaPath Protocol?
5. How does the MetaPath Protocol work?","1. MetaPath is a protocol for digital assets.
2. Tokens, non-fungible tokens (NFTs), and GameFi items are implemented on the MetaPath Protocol.
3. MetaMask, TokenPocket, HuobiWallet, Bitkeep, BitPie, Phantom, HyperPay, Aolink, CoinbaseWallet, ONTO, MathWallet, and imToken are wallets compatible with the MetaPath Protocol.
4. The purpose of the MetaPath Protocol is to facilitate the use of digital assets.
5. The MetaPath Protocol works by using smart contracts to implement digital assets on the protocol."
17,MetaPath,NFT," means a non-fungible token or similar digital item implemented on a blockchain (such as the Ethereum blockchain), which uses smart contracts to link to or otherwise be associated with certain content or data. ",45,"MetaPath
NFT

 means a non-fungible token or similar digital item implemented on a blockchain (such as the Ethereum blockchain), which uses smart contracts to link to or otherwise be associated with certain content or data. ","1. What is a MetaPath NFT?
2. How is a MetaPath NFT implemented?
3. What type of blockchain is used for MetaPath NFTs?
4. How do MetaPath NFTs use smart contracts?
5. What type of content or data can MetaPath NFTs be associated with?","1. A MetaPath NFT is a non-fungible token or similar digital item.
2. A MetaPath NFT is implemented on a blockchain.
3. The Ethereum blockchain is used for MetaPath NFTs.
4. MetaPath NFTs use smart contracts to link to or otherwise be associated with certain content or data.
5. MetaPath NFTs can be associated with certain content or data."
18,MetaPath,Introduction," MetaPath is the intellectual property of SWFT Blockchain, an all-in-one cryptocurrency platform with instant cross-chain swaps & payments. ",33,"MetaPath
Introduction

 MetaPath is the intellectual property of SWFT Blockchain, an all-in-one cryptocurrency platform with instant cross-chain swaps & payments. ","1. What is MetaPath?
2. What services does SWFT Blockchain provide?
3. What is the purpose of MetaPath?
4. How does MetaPath facilitate instant cross-chain swaps and payments?
5. What advantages does MetaPath offer compared to other cryptocurrency platforms?","1. MetaPath is the intellectual property of SWFT Blockchain.
2. SWFT Blockchain provides an all-in-one cryptocurrency platform with instant cross-chain swaps & payments.
3. The purpose of MetaPath is to provide an all-in-one cryptocurrency platform with instant cross-chain swaps & payments.
4. MetaPath facilitates instant cross-chain swaps and payments by providing an all-in-one cryptocurrency platform.
5. MetaPath offers the advantage of an all-in-one cryptocurrency platform with instant cross-chain swaps & payments, which is more convenient than other cryptocurrency platforms."
19,MetaPath,SWFT Blockchain," is a next-generation, cross-chain transfer platform, and payment network. SWFT Blockchain’s technology combines blockchain, machine learning, and big data to enable direct swaps between over 200 cryptocurrencies at record speeds. SWFT Blockchain’s cryptocurrency transfer platform and wallet app feature one-click in-wallet transfers, decentralized transfers, price limit orders, and payments using SWFT Pay; offering a fast, affordable, and secure cryptocurrency experience. SWFT Blockchain has received funding from top VCs, including Draper Dragon, and is in the first cohort of startups at Berkeley Blockchain Xcelerator. ",125,"MetaPath
SWFT Blockchain

 is a next-generation, cross-chain transfer platform, and payment network. SWFT Blockchain’s technology combines blockchain, machine learning, and big data to enable direct swaps between over 200 cryptocurrencies at record speeds. SWFT Blockchain’s cryptocurrency transfer platform and wallet app feature one-click in-wallet transfers, decentralized transfers, price limit orders, and payments using SWFT Pay; offering a fast, affordable, and secure cryptocurrency experience. SWFT Blockchain has received funding from top VCs, including Draper Dragon, and is in the first cohort of startups at Berkeley Blockchain Xcelerator. ","1. What technology does SWFT Blockchain use to enable direct swaps between cryptocurrencies?
2. What features does SWFT Blockchain's cryptocurrency transfer platform and wallet app offer?
3. What venture capital firms have invested in SWFT Blockchain?
4. What is the Berkeley Blockchain Xcelerator?","1. SWFT Blockchain uses blockchain, machine learning, and big data to enable direct swaps between over 200 cryptocurrencies.
2. SWFT Blockchain's cryptocurrency transfer platform and wallet app feature one-click in-wallet transfers, decentralized transfers, price limit orders, and payments using SWFT Pay.
3. Draper Dragon has invested in SWFT Blockchain.
4. The Berkeley Blockchain Xcelerator is a startup accelerator program for blockchain-based companies."
20,MetaPath,The core goal of MetaPath," The core goal of MetaPath is to establish the underlying infrastructure for the interconnection and interoperability of assets for blockchain ecological platforms such as Metaverse and GameFi. MetaPath registers and discovers assets on the chain, monitors asset status and transaction behavior in real-time, establishes a dynamic routing table in the blockchain world, and bridges safe and efficient platforms/contracts through algorithmic splitting and step-by-step routing of transactions on the chain. After completing the transaction, applications that comply with theMetaPath protocol can greatly reduce the difficulty of the transaction, shorten the user's transaction path, reduce transaction costs and improve security as much as possible. ",135,"MetaPath
The core goal of MetaPath

 The core goal of MetaPath is to establish the underlying infrastructure for the interconnection and interoperability of assets for blockchain ecological platforms such as Metaverse and GameFi. MetaPath registers and discovers assets on the chain, monitors asset status and transaction behavior in real-time, establishes a dynamic routing table in the blockchain world, and bridges safe and efficient platforms/contracts through algorithmic splitting and step-by-step routing of transactions on the chain. After completing the transaction, applications that comply with theMetaPath protocol can greatly reduce the difficulty of the transaction, shorten the user's transaction path, reduce transaction costs and improve security as much as possible. ","1. What is the core goal of MetaPath?
2. How does MetaPath register and discover assets on the chain?
3. What are the benefits of using applications that comply with the MetaPath protocol?
4. How does MetaPath bridge safe and efficient platforms/contracts?
5. How does MetaPath reduce transaction costs and improve security?","1. The core goal of MetaPath is to establish the underlying infrastructure for the interconnection and interoperability of assets for blockchain ecological platforms such as Metaverse and GameFi.
2. MetaPath registers and discovers assets on the chain by monitoring asset status and transaction behavior in real-time and establishing a dynamic routing table in the blockchain world.
3. The benefits of using applications that comply with the MetaPath protocol include greatly reducing the difficulty of the transaction, shortening the user's transaction path, reducing transaction costs and improving security as much as possible.
4. MetaPath bridges safe and efficient platforms/contracts through algorithmic splitting and step-by-step routing of transactions on the chain.
5. MetaPath reduces transaction costs and improves security by completing the transaction and using applications that comply with the MetaPath protocol."
21,MetaPath,MetaPath Mission," Our mission is to connect the Metaverse ecosystems for a more accessible and efficient world. MetaPath blockchain asset smart routing protocol will integrate any tokenized asset (cryptocurrencies, NFTs, Gamefi, and Metaverse gears and items), forming a metaverse cloud while realizing blockchain data interconnectivity through a messaging protocol. ",71,"MetaPath
MetaPath Mission

 Our mission is to connect the Metaverse ecosystems for a more accessible and efficient world. MetaPath blockchain asset smart routing protocol will integrate any tokenized asset (cryptocurrencies, NFTs, Gamefi, and Metaverse gears and items), forming a metaverse cloud while realizing blockchain data interconnectivity through a messaging protocol. ","1. What is the goal of MetaPath?
2. What types of assets can be integrated into the MetaPath blockchain?
3. How does MetaPath enable blockchain data interconnectivity?
4. What is the Metaverse cloud?
5. How will MetaPath make the world more accessible and efficient?","1. The goal of MetaPath is to connect the Metaverse ecosystems.
2. The types of assets that can be integrated into the MetaPath blockchain include cryptocurrencies, NFTs, Gamefi, and Metaverse gears and items.
3. MetaPath enables blockchain data interconnectivity through a messaging protocol.
4. The Metaverse cloud is a network of tokenized assets that are integrated into the MetaPath blockchain.
5. MetaPath will make the world more accessible and efficient by connecting the Metaverse ecosystems and enabling blockchain data interconnectivity."
22,MetaPath,MetaPath protocol," With the MetaPath smart contract routing protocol, MetaPath protocol can be integrated into the smart contract of cryptocurrencies, NFTs, Gamefi/Metaverse gears/items, and other tokenized assets through creating positioning and routing functions. Assets will be automatically included on the MetaPath chain, forming a Metaverse Cloud, an interconnected blockchain asset network that is open, transparent, and traceable.To be specific, from the application layer, MetaPath Protocol will enable smart contracts to communicate with each other, regardless of whether they are on the same blockchain.  From the infrastructure layer, smart contracts on different blockchains are linked with the Metaverse Cloud through MetaPath Routing Protocol. The infrastructure layer components include MetaPath Routing Protocol implemented on smart contracts, the message tree (Merkle Tree) to ensure the security of the messaging mechanism, off-chain components for coordination and matching, and the MetaPath Chain that carries the above data structures and smart contracts. ",199,"MetaPath
MetaPath protocol

 With the MetaPath smart contract routing protocol, MetaPath protocol can be integrated into the smart contract of cryptocurrencies, NFTs, Gamefi/Metaverse gears/items, and other tokenized assets through creating positioning and routing functions. Assets will be automatically included on the MetaPath chain, forming a Metaverse Cloud, an interconnected blockchain asset network that is open, transparent, and traceable.To be specific, from the application layer, MetaPath Protocol will enable smart contracts to communicate with each other, regardless of whether they are on the same blockchain.  From the infrastructure layer, smart contracts on different blockchains are linked with the Metaverse Cloud through MetaPath Routing Protocol. The infrastructure layer components include MetaPath Routing Protocol implemented on smart contracts, the message tree (Merkle Tree) to ensure the security of the messaging mechanism, off-chain components for coordination and matching, and the MetaPath Chain that carries the above data structures and smart contracts. ","1. What is the MetaPath protocol?
2. How does the MetaPath protocol enable smart contracts to communicate with each other?
3. What are the components of the MetaPath infrastructure layer?
4. What is the Metaverse Cloud?
5. How does the MetaPath Routing Protocol link smart contracts on different blockchains?","1. The MetaPath protocol is a smart contract routing protocol that can be integrated into the smart contract of cryptocurrencies, NFTs, Gamefi/Metaverse gears/items, and other tokenized assets.
2. The MetaPath protocol enables smart contracts to communicate with each other by creating positioning and routing functions.
3. The components of the MetaPath infrastructure layer include the MetaPath Routing Protocol implemented on smart contracts, the message tree (Merkle Tree) to ensure the security of the messaging mechanism, off-chain components for coordination and matching, and the MetaPath Chain that carries the above data structures and smart contracts.
4. The Metaverse Cloud is an interconnected blockchain asset network that is open, transparent, and traceable.
5. The MetaPath Routing Protocol links smart contracts on different blockchains by connecting them with the Metaverse Cloud."
23,MetaPath,MetaPath Features," Link and route the Metaverse: NFT, Gamefi & all blockchain assets:One Protocol to all tokenized assets.
Liquidity Routing:Routing all liquidities in the market, enabling users to get the lowest rate.
Decentralized:All transactions are transparent and traceable.Anyone can access it without permission or KYC review.
Best Rates:Automatically finds the best rate for you.
Desktop, Mobile, Dapp, Widget & API:Multi-platform user interface that adapts to users’ needs.
Security:MetaPath Protocol will not be affected by the exploits of any provider. Web 3.0 ",139,"MetaPath
MetaPath Features

 Link and route the Metaverse: NFT, Gamefi & all blockchain assets:One Protocol to all tokenized assets.
Liquidity Routing:Routing all liquidities in the market, enabling users to get the lowest rate.
Decentralized:All transactions are transparent and traceable.Anyone can access it without permission or KYC review.
Best Rates:Automatically finds the best rate for you.
Desktop, Mobile, Dapp, Widget & API:Multi-platform user interface that adapts to users’ needs.
Security:MetaPath Protocol will not be affected by the exploits of any provider. Web 3.0 ","1. What is MetaPath?
2. What features does MetaPath offer?
3. How does MetaPath link and route the Metaverse?
4. What is the purpose of Liquidity Routing?
5. What are the advantages of MetaPath being decentralized?
6. How does MetaPath find the best rate for users?
7. What platforms does MetaPath support?
8. How does MetaPath ensure security?
9. What is Web 3.0?","1. MetaPath is a protocol that links and routes the Metaverse, including NFT, Gamefi, and all blockchain assets.
2. MetaPath offers features such as Liquidity Routing, decentralization, finding the best rate for users, multi-platform user interface, and security.
3. MetaPath links and routes the Metaverse by providing one protocol to all tokenized assets.
4. The purpose of Liquidity Routing is to route all liquidities in the market, enabling users to get the lowest rate.
5. The advantages of MetaPath being decentralized are that all transactions are transparent and traceable, and anyone can access it without permission or KYC review.
6. MetaPath finds the best rate for users automatically.
7. MetaPath supports platforms such as Desktop, Mobile, Dapp, Widget, and API.
8. MetaPath ensures security by making sure that the Protocol will not be affected by the exploits of any provider.
9. Web 3.0 is a term used to describe the next generation of the internet, which is more secure, private, and decentralized."
24,MetaPath,MetaPath aims to," MetaPath aims to design an inter-chain smart contract communication protocol where abundant resources will be provided to developers including APIs, documentation, and community support. By following the smart contract communication protocol, developers will be able to create DAPPs achieving inter-platform unity. To be specific, MetaPath designs and implements the interface standard of a communication protocol, which is compatible with various existing asset standards among different blockchains including ERC20 and ERC721. By importing the MetaPath contracts messaging standard, smart contracts of token or NFTs would be able to transfer their assets freely across platforms by invoking the registration and updating mechanism on the MetaPath chain.  ",138,"MetaPath
MetaPath aims to

 MetaPath aims to design an inter-chain smart contract communication protocol where abundant resources will be provided to developers including APIs, documentation, and community support. By following the smart contract communication protocol, developers will be able to create DAPPs achieving inter-platform unity. To be specific, MetaPath designs and implements the interface standard of a communication protocol, which is compatible with various existing asset standards among different blockchains including ERC20 and ERC721. By importing the MetaPath contracts messaging standard, smart contracts of token or NFTs would be able to transfer their assets freely across platforms by invoking the registration and updating mechanism on the MetaPath chain.  ","1. What is the goal of MetaPath?
2. What resources does MetaPath provide to developers?
3. What is the interface standard of the communication protocol designed by MetaPath?
4. How can smart contracts of token or NFTs transfer their assets across platforms?
5. What is the registration and updating mechanism on the MetaPath chain?","1. The goal of MetaPath is to design an inter-chain smart contract communication protocol.
2. MetaPath provides developers with APIs, documentation, and community support.
3. The interface standard of the communication protocol designed by MetaPath is compatible with various existing asset standards among different blockchains including ERC20 and ERC721.
4. Smart contracts of token or NFTs can transfer their assets across platforms by invoking the registration and updating mechanism on the MetaPath chain.
5. The registration and updating mechanism on the MetaPath chain is used to enable the transfer of assets across platforms."
25,MetaPath,With the implementation of the MetaPath protocol," Users will be able to purchase NFTs with any token possibly from different blockchains as long as the MetaPath smart contract routing protocol is implemented on the smart contract of the token.Pairwise exchange of NFTs will also be supported.Also supported are the across-chain consensus of operation messages. Desired characteristics include low costs and high speeds, across devices, openness, decentralization, accessibility, etc. ",89,"MetaPath
With the implementation of the MetaPath protocol

 Users will be able to purchase NFTs with any token possibly from different blockchains as long as the MetaPath smart contract routing protocol is implemented on the smart contract of the token.Pairwise exchange of NFTs will also be supported.Also supported are the across-chain consensus of operation messages. Desired characteristics include low costs and high speeds, across devices, openness, decentralization, accessibility, etc. ","1. What is the MetaPath protocol?
2. How will users be able to purchase NFTs with the MetaPath protocol?
3. What are the desired characteristics of the MetaPath protocol?
4. What type of operations will be supported by the MetaPath protocol?
5. How will the MetaPath protocol enable cross-chain consensus?","1. The MetaPath protocol is a smart contract routing protocol that enables users to purchase NFTs with any token from different blockchains.
2. Users will be able to purchase NFTs with any token possibly from different blockchains as long as the MetaPath smart contract routing protocol is implemented on the smart contract of the token.
3. The desired characteristics of the MetaPath protocol include low costs and high speeds, across devices, openness, decentralization, accessibility, etc.
4. The MetaPath protocol will support pairwise exchange of NFTs.
5. The MetaPath protocol will enable cross-chain consensus of operation messages."
26,MetaPath,Business Model," The MetaPath smart contract routing protocol earns revenue in two ways. Firstly, 0.2% to 0.3% of transaction fees are collected for each routing. Secondly, fees are collected through the routing protocol.",47,"MetaPath
Business Model

 The MetaPath smart contract routing protocol earns revenue in two ways. Firstly, 0.2% to 0.3% of transaction fees are collected for each routing. Secondly, fees are collected through the routing protocol.","1. What percentage of transaction fees does the MetaPath smart contract routing protocol collect?
2. How does the MetaPath smart contract routing protocol earn revenue?
3. What fees are collected through the routing protocol?","1. 0.2% to 0.3%
2. By collecting a percentage of transaction fees and fees through the routing protocol.
3. Fees through the routing protocol."
