,title,heading,content,tokens,context
0,MetaPath,What is MetaPath?," MetaPath is a Next Generation Metaverse Aggregator! Cross-metaverse, cross-gamefi, cross-chain, and multi-platform. There are many roads in the Metaverse, and MetaPath is the highway that connects them all!",55,"MetePath
What is MetaPath?
 MetaPath is a Next Generation Metaverse Aggregator! Cross-metaverse, cross-gamefi, cross-chain, and multi-platform. There are many roads in the Metaverse, and MetaPath is the highway that connects them all!"
1,MetaPath,What Does MetaPath Do?," The MetaPath blockchain asset smart routing protocol integrates any tokenized asset (Cryptocurrencies, NFTs, GameFi). You can swap or transfer digital assets across platforms with ease, and users from any blockchain can purchase NFTs and GameFi items with any cryptocurrencies in a fast and safe process.",65,"MetePath
What Does MetaPath Do?
 The MetaPath blockchain asset smart routing protocol integrates any tokenized asset (Cryptocurrencies, NFTs, GameFi). You can swap or transfer digital assets across platforms with ease, and users from any blockchain can purchase NFTs and GameFi items with any cryptocurrencies in a fast and safe process."
2,MetaPath,How Does MetaPath Work? ," MetaPath registers and discovers assets on the chain, monitors asset status and transaction behavior in real-time, establishes a dynamic routing table in the blockchain world, and bridges safe and efficient platforms/contracts through algorithmic splitting and step-by-step routing of transactions on the chain. ",62,"MetePath
How Does MetaPath Work? 
 MetaPath registers and discovers assets on the chain, monitors asset status and transaction behavior in real-time, establishes a dynamic routing table in the blockchain world, and bridges safe and efficient platforms/contracts through algorithmic splitting and step-by-step routing of transactions on the chain. "
3,MetaPath,How Do I Get Started? ," To swap or trade any token or buy NFTs or GameFi items with any token, head to the MetaPath interface, connect your wallet, and choose the transaction you want to carry out. ",45,"MetePath
How Do I Get Started? 
 To swap or trade any token or buy NFTs or GameFi items with any token, head to the MetaPath interface, connect your wallet, and choose the transaction you want to carry out. "
4,MetaPath,Is There A Fee to Use MetaPath? ," There is NO FEE to connect your wallet to MetaPath and browse The Metaverse. Various transactions accrue fees based on the type of transaction and chain your process the transaction on. MetaPath, itself, collects fees only when you transact business. ",55,"MetePath
Is There A Fee to Use MetaPath? 
 There is NO FEE to connect your wallet to MetaPath and browse The Metaverse. Various transactions accrue fees based on the type of transaction and chain your process the transaction on. MetaPath, itself, collects fees only when you transact business. "
5,MetaPath,What Wallet is Best for MetaPath?," MetaPath supports various wallets, like Coinbase and others - however MetaMask is recommended. ",22,"MetePath
What Wallet is Best for MetaPath?
 MetaPath supports various wallets, like Coinbase and others - however MetaMask is recommended. "
6,MetaPath,Why are Their Price Differences for Similar Transactions?," Cross-chain transactions sometimes have minimum thresholds, due to gas fees. The price difference you are seeing may be due to the limitations of the cross-chain swap or bridge we’ve integrated, and the minimum fees it is required to add. ",55,"MetePath
Why are Their Price Differences for Similar Transactions?
 Cross-chain transactions sometimes have minimum thresholds, due to gas fees. The price difference you are seeing may be due to the limitations of the cross-chain swap or bridge we’ve integrated, and the minimum fees it is required to add. "
7,MetaPath,Why is There no Fee Showing When I Attempt A Quote for my Transaction?," We use APIs to connect to NFT marketplaces, and sometimes those connections are not stable, due to how new the APIs are. Please wait a few moments for the information to populate or try the search again. ",48,"MetePath
Why is There no Fee Showing When I Attempt A Quote for my Transaction?
 We use APIs to connect to NFT marketplaces, and sometimes those connections are not stable, due to how new the APIs are. Please wait a few moments for the information to populate or try the search again. "
8,MetaPath,Do I Need to Register to Use MetaPath?," MetaPath does not require a registration process for you to explore The Metaverse!  MetaPath is open for public use without restrictions or discrimination as to who can benefit from the ease and speedy services offered by the platform. All transactions carried out on our platform are transparent and traceable. Anyone can swap, trade, and earn digital assets without limit. ",75,"MetePath
Do I Need to Register to Use MetaPath?
 MetaPath does not require a registration process for you to explore The Metaverse!  MetaPath is open for public use without restrictions or discrimination as to who can benefit from the ease and speedy services offered by the platform. All transactions carried out on our platform are transparent and traceable. Anyone can swap, trade, and earn digital assets without limit. "
9,MetaPath,Should I Worry About the Security of my Assets?," No way!Transactions carried out through MetaPath on the SWFT Blockchain are extremely secure - and because of blockchain technology and MetaPath Protocols, are more secure than traditional methods of doing business online. We have a good track record of stability, reliability, and security without a security incident or breach since our inception in 2017. ",71,"MetePath
Should I Worry About the Security of my Assets?
 No way!Transactions carried out through MetaPath on the SWFT Blockchain are extremely secure - and because of blockchain technology and MetaPath Protocols, are more secure than traditional methods of doing business online. We have a good track record of stability, reliability, and security without a security incident or breach since our inception in 2017. "
10,MetaPath,Why MetaPath?," We know you will always go for the best, that is why we are giving you the best. When you choose MetaPath, you chose the best. ",36,"MetePath
Why MetaPath?
 We know you will always go for the best, that is why we are giving you the best. When you choose MetaPath, you chose the best. "
11,MetaPath,Why MetaPath?," All transactions on MetaPath are transparent and traceable.
MetaPath is the pioneer next-level aggregator that enables cross-GameFi, cross-chain, cross-platforms, cross-game, cross-metaverse & more.
Anyone can make use of MetaPath without permission.
MetaPath routes all liquidities in the market and enables users to get the lowest rate possible.
MetaPath Protocol will not be affected by exploits of any provider. Maximum security of assets is guaranteed.
Each transaction through MetaPath Protocol will mint PATH tokens to you so you automatically get paid for every transaction you carry out on MetaPath.
MetaPath automatically finds the best rate for you.
MetaPath is the Protocol for all tokenized assets.
MetaPath has a multi-platform user interface that adapts to users’ needs. ",176,"MetePath
Why MetaPath?
 All transactions on MetaPath are transparent and traceable.
MetaPath is the pioneer next-level aggregator that enables cross-GameFi, cross-chain, cross-platforms, cross-game, cross-metaverse & more.
Anyone can make use of MetaPath without permission.
MetaPath routes all liquidities in the market and enables users to get the lowest rate possible.
MetaPath Protocol will not be affected by exploits of any provider. Maximum security of assets is guaranteed.
Each transaction through MetaPath Protocol will mint PATH tokens to you so you automatically get paid for every transaction you carry out on MetaPath.
MetaPath automatically finds the best rate for you.
MetaPath is the Protocol for all tokenized assets.
MetaPath has a multi-platform user interface that adapts to users’ needs. "
12,MetaPath,Tell me about MetaPath.," MetaPath is a cross-chain routing platform of blockchain assets, a metaverse cross-platform routing aggregator for Web3.0. MetaPath aggregates NFT marketplaces and GameFi exchanges into the blockchain ecosystem network, so users can not only swap between any two tokens, but also trade NFTs and GameFi items with any token. MetaPath also aggregates the mainstream DEXs and CEXs in the market, with high security, low risk, fast speed and best rate.MetaPath will lead the way in creating an integrated multi-chain future for cryptocurrencies and the metaverse they are building: path.finance (access with any wallet) ",141,"MetePath
Tell me about MetaPath.
 MetaPath is a cross-chain routing platform of blockchain assets, a metaverse cross-platform routing aggregator for Web3.0. MetaPath aggregates NFT marketplaces and GameFi exchanges into the blockchain ecosystem network, so users can not only swap between any two tokens, but also trade NFTs and GameFi items with any token. MetaPath also aggregates the mainstream DEXs and CEXs in the market, with high security, low risk, fast speed and best rate.MetaPath will lead the way in creating an integrated multi-chain future for cryptocurrencies and the metaverse they are building: path.finance (access with any wallet) "
13,MetaPath,MetaPath and NFT," MetaPath aggregates multiple NFT marketplaces, you can view and trade NFT collections, comparing NFT price, just use MetaPath: path.finance (access with any wallet)  ",45,"MetePath
MetaPath and NFT
 MetaPath aggregates multiple NFT marketplaces, you can view and trade NFT collections, comparing NFT price, just use MetaPath: path.finance (access with any wallet)  "
14,MetaPath,MetaPath and Swap," MetaPath aggregates the mainstream DEXs and CEXs in the market, with high security, low risk, fast speed and best rate.MetaPath now supports 10+ DEX wallets, including MetaMask, TokenPocket, CoinbaseWallet, MathWallet, imToken, etc. ",63,"MetePath
MetaPath and Swap
 MetaPath aggregates the mainstream DEXs and CEXs in the market, with high security, low risk, fast speed and best rate.MetaPath now supports 10+ DEX wallets, including MetaMask, TokenPocket, CoinbaseWallet, MathWallet, imToken, etc. "
15,MetaPath,About MetaPath," MetaPath is the leading and most-efficient decentralized finance platform in the universe. MetaPath is the pioneer and first cross-metaverse, cross-gamefi, cross-chain, and multi-platform next-level aggregator that connects metaverse and NFT marketplaces, public blockchain, DEXs, and cross-chain bridges with the ultimate purpose of connecting the economic systems of different GameFis by linking virtual assets Like NFTs in the virtual world, to realize the interoperability of the Metaverses.We are building two products – one is a platform called MetaPath platform and the other one is a protocol called Metapath Protocol. We have already built a MetaPath platform which will be a one-stop shop that will enable users to find the best route to exchange all crypto-related assets including fungible and NFT’s s in the metaverse. The MetaPath platform will connect them to all centralized and decentralized trading platforms including major cross chain bridges, nft marketplaces, gamefi exchanges.Initially, we will use API to connect them; in Phase II, we will use a new product called MetaPath Protocol. It is a blockchain asset routing protocol which aggregates not only cross-chain bridges and fungible tokens but also NFT marketplaces and Gamefi exchanges.The goal of the MetaPath team is to realize the interconnectivity of blockchain ecosystems where users can reliably swap or transfer any digital asset and get paid for every transaction. ",304,"MetePath
About MetaPath
 MetaPath is the leading and most-efficient decentralized finance platform in the universe. MetaPath is the pioneer and first cross-metaverse, cross-gamefi, cross-chain, and multi-platform next-level aggregator that connects metaverse and NFT marketplaces, public blockchain, DEXs, and cross-chain bridges with the ultimate purpose of connecting the economic systems of different GameFis by linking virtual assets Like NFTs in the virtual world, to realize the interoperability of the Metaverses.We are building two products – one is a platform called MetaPath platform and the other one is a protocol called Metapath Protocol. We have already built a MetaPath platform which will be a one-stop shop that will enable users to find the best route to exchange all crypto-related assets including fungible and NFT’s s in the metaverse. The MetaPath platform will connect them to all centralized and decentralized trading platforms including major cross chain bridges, nft marketplaces, gamefi exchanges.Initially, we will use API to connect them; in Phase II, we will use a new product called MetaPath Protocol. It is a blockchain asset routing protocol which aggregates not only cross-chain bridges and fungible tokens but also NFT marketplaces and Gamefi exchanges.The goal of the MetaPath team is to realize the interconnectivity of blockchain ecosystems where users can reliably swap or transfer any digital asset and get paid for every transaction. "
16,MetaPath,Digital Assets," refers to tokens, non-fungible tokens (NFTs), and GameFi items implemented on the MetaPath Protocol using smart contracts, including without limitation, MetaMask, TokenPocket, HuobiWallet, Bitkeep, BitPie, Phantom, HyperPay, Aolink, CoinbaseWallet, ONTO, MathWallet, imToken. ",75,"MetePath
Digital Assets
 refers to tokens, non-fungible tokens (NFTs), and GameFi items implemented on the MetaPath Protocol using smart contracts, including without limitation, MetaMask, TokenPocket, HuobiWallet, Bitkeep, BitPie, Phantom, HyperPay, Aolink, CoinbaseWallet, ONTO, MathWallet, imToken. "
17,MetaPath,NFT," means a non-fungible token or similar digital item implemented on a blockchain (such as the Ethereum blockchain), which uses smart contracts to link to or otherwise be associated with certain content or data. ",45,"MetePath
NFT
 means a non-fungible token or similar digital item implemented on a blockchain (such as the Ethereum blockchain), which uses smart contracts to link to or otherwise be associated with certain content or data. "
18,MetaPath,Introduction," MetaPath is the intellectual property of SWFT Blockchain, an all-in-one cryptocurrency platform with instant cross-chain swaps & payments. ",33,"MetePath
Introduction
 MetaPath is the intellectual property of SWFT Blockchain, an all-in-one cryptocurrency platform with instant cross-chain swaps & payments. "
19,MetaPath,SWFT Blockchain," is a next-generation, cross-chain transfer platform, and payment network. SWFT Blockchain’s technology combines blockchain, machine learning, and big data to enable direct swaps between over 200 cryptocurrencies at record speeds. SWFT Blockchain’s cryptocurrency transfer platform and wallet app feature one-click in-wallet transfers, decentralized transfers, price limit orders, and payments using SWFT Pay; offering a fast, affordable, and secure cryptocurrency experience. SWFT Blockchain has received funding from top VCs, including Draper Dragon, and is in the first cohort of startups at Berkeley Blockchain Xcelerator. ",125,"MetePath
SWFT Blockchain
 is a next-generation, cross-chain transfer platform, and payment network. SWFT Blockchain’s technology combines blockchain, machine learning, and big data to enable direct swaps between over 200 cryptocurrencies at record speeds. SWFT Blockchain’s cryptocurrency transfer platform and wallet app feature one-click in-wallet transfers, decentralized transfers, price limit orders, and payments using SWFT Pay; offering a fast, affordable, and secure cryptocurrency experience. SWFT Blockchain has received funding from top VCs, including Draper Dragon, and is in the first cohort of startups at Berkeley Blockchain Xcelerator. "
20,MetaPath,The core goal of MetaPath," The core goal of MetaPath is to establish the underlying infrastructure for the interconnection and interoperability of assets for blockchain ecological platforms such as Metaverse and GameFi. MetaPath registers and discovers assets on the chain, monitors asset status and transaction behavior in real-time, establishes a dynamic routing table in the blockchain world, and bridges safe and efficient platforms/contracts through algorithmic splitting and step-by-step routing of transactions on the chain. After completing the transaction, applications that comply with theMetaPath protocol can greatly reduce the difficulty of the transaction, shorten the user's transaction path, reduce transaction costs and improve security as much as possible. ",135,"MetePath
The core goal of MetaPath
 The core goal of MetaPath is to establish the underlying infrastructure for the interconnection and interoperability of assets for blockchain ecological platforms such as Metaverse and GameFi. MetaPath registers and discovers assets on the chain, monitors asset status and transaction behavior in real-time, establishes a dynamic routing table in the blockchain world, and bridges safe and efficient platforms/contracts through algorithmic splitting and step-by-step routing of transactions on the chain. After completing the transaction, applications that comply with theMetaPath protocol can greatly reduce the difficulty of the transaction, shorten the user's transaction path, reduce transaction costs and improve security as much as possible. "
21,MetaPath,MetaPath Mission," Our mission is to connect the Metaverse ecosystems for a more accessible and efficient world. MetaPath blockchain asset smart routing protocol will integrate any tokenized asset (cryptocurrencies, NFTs, Gamefi, and Metaverse gears and items), forming a metaverse cloud while realizing blockchain data interconnectivity through a messaging protocol. ",71,"MetePath
MetaPath Mission
 Our mission is to connect the Metaverse ecosystems for a more accessible and efficient world. MetaPath blockchain asset smart routing protocol will integrate any tokenized asset (cryptocurrencies, NFTs, Gamefi, and Metaverse gears and items), forming a metaverse cloud while realizing blockchain data interconnectivity through a messaging protocol. "
22,MetaPath,MetaPath protocol," With the MetaPath smart contract routing protocol, MetaPath protocol can be integrated into the smart contract of cryptocurrencies, NFTs, Gamefi/Metaverse gears/items, and other tokenized assets through creating positioning and routing functions. Assets will be automatically included on the MetaPath chain, forming a Metaverse Cloud, an interconnected blockchain asset network that is open, transparent, and traceable.To be specific, from the application layer, MetaPath Protocol will enable smart contracts to communicate with each other, regardless of whether they are on the same blockchain.  From the infrastructure layer, smart contracts on different blockchains are linked with the Metaverse Cloud through MetaPath Routing Protocol. The infrastructure layer components include MetaPath Routing Protocol implemented on smart contracts, the message tree (Merkle Tree) to ensure the security of the messaging mechanism, off-chain components for coordination and matching, and the MetaPath Chain that carries the above data structures and smart contracts. ",199,"MetePath
MetaPath protocol
 With the MetaPath smart contract routing protocol, MetaPath protocol can be integrated into the smart contract of cryptocurrencies, NFTs, Gamefi/Metaverse gears/items, and other tokenized assets through creating positioning and routing functions. Assets will be automatically included on the MetaPath chain, forming a Metaverse Cloud, an interconnected blockchain asset network that is open, transparent, and traceable.To be specific, from the application layer, MetaPath Protocol will enable smart contracts to communicate with each other, regardless of whether they are on the same blockchain.  From the infrastructure layer, smart contracts on different blockchains are linked with the Metaverse Cloud through MetaPath Routing Protocol. The infrastructure layer components include MetaPath Routing Protocol implemented on smart contracts, the message tree (Merkle Tree) to ensure the security of the messaging mechanism, off-chain components for coordination and matching, and the MetaPath Chain that carries the above data structures and smart contracts. "
23,MetaPath,MetaPath Features," Link and route the Metaverse: NFT, Gamefi & all blockchain assets:One Protocol to all tokenized assets.
Liquidity Routing:Routing all liquidities in the market, enabling users to get the lowest rate.
Decentralized:All transactions are transparent and traceable.Anyone can access it without permission or KYC review.
Best Rates:Automatically finds the best rate for you.
Desktop, Mobile, Dapp, Widget & API:Multi-platform user interface that adapts to users’ needs.
Security:MetaPath Protocol will not be affected by the exploits of any provider. Web 3.0 ",139,"MetePath
MetaPath Features
 Link and route the Metaverse: NFT, Gamefi & all blockchain assets:One Protocol to all tokenized assets.
Liquidity Routing:Routing all liquidities in the market, enabling users to get the lowest rate.
Decentralized:All transactions are transparent and traceable.Anyone can access it without permission or KYC review.
Best Rates:Automatically finds the best rate for you.
Desktop, Mobile, Dapp, Widget & API:Multi-platform user interface that adapts to users’ needs.
Security:MetaPath Protocol will not be affected by the exploits of any provider. Web 3.0 "
24,MetaPath,MetaPath aims to," MetaPath aims to design an inter-chain smart contract communication protocol where abundant resources will be provided to developers including APIs, documentation, and community support. By following the smart contract communication protocol, developers will be able to create DAPPs achieving inter-platform unity. To be specific, MetaPath designs and implements the interface standard of a communication protocol, which is compatible with various existing asset standards among different blockchains including ERC20 and ERC721. By importing the MetaPath contracts messaging standard, smart contracts of token or NFTs would be able to transfer their assets freely across platforms by invoking the registration and updating mechanism on the MetaPath chain.  ",138,"MetePath
MetaPath aims to
 MetaPath aims to design an inter-chain smart contract communication protocol where abundant resources will be provided to developers including APIs, documentation, and community support. By following the smart contract communication protocol, developers will be able to create DAPPs achieving inter-platform unity. To be specific, MetaPath designs and implements the interface standard of a communication protocol, which is compatible with various existing asset standards among different blockchains including ERC20 and ERC721. By importing the MetaPath contracts messaging standard, smart contracts of token or NFTs would be able to transfer their assets freely across platforms by invoking the registration and updating mechanism on the MetaPath chain.  "
25,MetaPath,With the implementation of the MetaPath protocol," Users will be able to purchase NFTs with any token possibly from different blockchains as long as the MetaPath smart contract routing protocol is implemented on the smart contract of the token.Pairwise exchange of NFTs will also be supported.Also supported are the across-chain consensus of operation messages. Desired characteristics include low costs and high speeds, across devices, openness, decentralization, accessibility, etc. ",89,"MetePath
With the implementation of the MetaPath protocol
 Users will be able to purchase NFTs with any token possibly from different blockchains as long as the MetaPath smart contract routing protocol is implemented on the smart contract of the token.Pairwise exchange of NFTs will also be supported.Also supported are the across-chain consensus of operation messages. Desired characteristics include low costs and high speeds, across devices, openness, decentralization, accessibility, etc. "
26,MetaPath,Business Model," The MetaPath smart contract routing protocol earns revenue in two ways. Firstly, 0.2% to 0.3% of transaction fees are collected for each routing. Secondly, fees are collected through the routing protocol.",47,"MetePath
Business Model
 The MetaPath smart contract routing protocol earns revenue in two ways. Firstly, 0.2% to 0.3% of transaction fees are collected for each routing. Secondly, fees are collected through the routing protocol."
